year,crop,window_type,start_date,end_date,end_stage,end_is_provisional,buffered_start,buffered_end,gee_filter_end_exclusive,used_for_regional_gpp_raster,aoi_year_available,aoi_status,source_workbook,source_sheet,notes
2001,maize,ops_plant_harvest,2001-05-14,2001-10-29,HARVEST,False,2001-04-30,2001-11-12,2001-11-13,True,True,aoi_file_not_in_local_cache,2001-2017 site-history CSP3.xlsx,CSP3,Regional GPP rasters use this window for 2001-2017 maize with an AOI GeoTIFF.
2003,maize,ops_plant_harvest,2003-05-13,2003-10-16,HARVEST,False,2003-04-29,2003-10-30,2003-10-31,True,True,aoi_file_not_in_local_cache,2001-2017 site-history CSP3.xlsx,CSP3,Regional GPP rasters use this window for 2001-2017 maize with an AOI GeoTIFF.
2005,maize,ops_plant_harvest,2005-04-26,2005-10-18,HARVEST,False,2005-04-12,2005-11-01,2005-11-02,True,True,aoi_file_not_in_local_cache,2001-2017 site-history CSP3.xlsx,CSP3,Regional GPP rasters use this window for 2001-2017 maize with an AOI GeoTIFF.
2007,maize,ops_plant_harvest,2007-05-02,2007-11-01,HARVEST,False,2007-04-18,2007-11-15,2007-11-16,True,True,aoi_file_not_in_local_cache,2001-2017 site-history CSP3.xlsx,CSP3,Regional GPP rasters use this window for 2001-2017 maize with an AOI GeoTIFF.
2009,maize,ops_plant_harvest,2009-04-22,2009-11-11,HARVEST,False,2009-04-08,2009-11-25,2009-11-26,True,True,aoi_file_not_in_local_cache,2001-2017 site-history CSP3.xlsx,CSP3,Regional GPP rasters use this window for 2001-2017 maize with an AOI GeoTIFF.
2011,maize,ops_plant_harvest,2011-05-02,2011-10-18,HARVEST,False,2011-04-18,2011-11-01,2011-11-02,True,True,aoi_file_not_in_local_cache,2001-2017 site-history CSP3.xlsx,CSP3,Regional GPP rasters use this window for 2001-2017 maize with an AOI GeoTIFF.
2013,maize,ops_plant_harvest,2013-05-13,2013-10-22,HARVEST,False,2013-04-29,2013-11-05,2013-11-06,True,True,aoi_file_not_in_local_cache,2001-2017 site-history CSP3.xlsx,CSP3,Regional GPP rasters use this window for 2001-2017 maize with an AOI GeoTIFF.
2015,maize,ops_plant_harvest,2015-04-30,2015-10-29,HARVEST,False,2015-04-16,2015-11-12,2015-11-13,True,True,aoi_file_not_in_local_cache,2001-2017 site-history CSP3.xlsx,CSP3,Regional GPP rasters use this window for 2001-2017 maize with an AOI GeoTIFF.
2017,maize,ops_plant_harvest,2017-05-08,2017-11-02,HARVEST,False,2017-04-24,2017-11-16,2017-11-17,True,True,aoi_file_not_in_local_cache,2001-2017 site-history CSP3.xlsx,CSP3,Regional GPP rasters use this window for 2001-2017 maize with an AOI GeoTIFF.
2013,maize,phenology_rstage,2013-05-13,2013-09-25,R6,False,2013-04-29,2013-10-09,2013-10-10,False,True,aoi_file_not_in_local_cache,CSP 2013  Site 3.xlsx,R6 (268),Attached as phenology attributes for 2013/2017; not mixed into the ops-window GeoTIFF. Never replace R6 with harvest.
2017,maize,phenology_rstage,2017-05-08,2017-09-18,R5,True,2017-04-24,2017-10-02,2017-10-03,False,True,aoi_file_not_in_local_cache,CSP 2017  Site 3.xlsx,R5 (261),Attached as phenology attributes for 2013/2017; not mixed into the ops-window GeoTIFF. Never replace R6 with harvest.
2019,maize,phenology_rstage,2019-04-24,2019-09-18,R6,False,2019-04-10,2019-10-02,2019-10-03,False,False,aoi_raster_missing,CSP 2019  Site 3.xlsx,R6 (261),Attached as phenology attributes for 2013/2017; not mixed into the ops-window GeoTIFF. Never replace R6 with harvest.
2021,maize,phenology_rstage,2021-04-29,2021-10-04,R6,False,2021-04-15,2021-10-18,2021-10-19,False,False,aoi_raster_missing,CSP 2021  Site 3.xlsx,R6 (277),Attached as phenology attributes for 2013/2017; not mixed into the ops-window GeoTIFF. Never replace R6 with harvest.
