year,crop,crop_source,window_type,ops_plant_date,ops_harvest_date,buffered_start,buffered_end,gee_filter_end_exclusive,plant_title,plant_notes,plant_cell,harvest_title,harvest_notes,harvest_cell,n_plant_events,n_harvest_events,skipped_plants,workbook,sheet,gpp_extracted
2001,maize,notes_or_title,ops_plant_harvest,2001-05-14,2001-10-29,2001-04-30,2001-11-12,2001-11-13,,"maize Pioneer 33B51 BT Gaucho  25,187 seed/ac ( 62,236 seed ha-1) 125.8 ac, maize Pioneer 33B50 Gaucho 25,231( 62,344 seed ha-1) (refuge)  35.6 ac, JD7410/JD1750  North half,  JD7810/CIH955   South half",C9,,Harvest Corn. Completed 10/31/01.                    Yield 139 bu/ac ( 8.72 Mg ha-1 ). 16.9% MC.,C13,1,1,[],2001-2017 site-history CSP3.xlsx,CSP3,True
2002,soybean,notes_or_title,ops_plant_harvest,2002-05-20,2002-10-11,2002-05-06,2002-10-25,2002-10-26,,"soybeans Asgrow 2703 Roundup Ready 150,000/acre (370,644 seed ha-1 ), JD7410/JD1750",C18,,49 bu/ac ( 3.32 MG ha-1) average yield,C22,1,3,[],2001-2017 site-history CSP3.xlsx,CSP3,False
2003,maize,notes_or_title,ops_plant_harvest,2003-05-13,2003-10-16,2003-04-29,2003-10-30,2003-10-31,,"maize Pioneer 33B51 BT Gaucho  26,019 ( 64,292 seed ha-1 )  73.6 ac IH, maize Pioneer 33B51 BT Gaucho  26,754  ( 66,108 seed ha-1 ) 56.7 ac JD, Pioneer 33B50 Gaucho 26,112  ( 64,521 seed ha-1 ) (refuge)  33.7 ac 1367 seeds/lb, JD7410/JD1750 Refuge and 56.7 ac Bt, JD7810/CIH955 (73.6ac)",C28,,"Yield 123 bu/ac ( 7.72 MG ha-1) corrected from 16.9% MC, CaseIH 2366",C35,1,3,[],2001-2017 site-history CSP3.xlsx,CSP3,True
2004,soybean,notes_or_title,ops_plant_harvest,2004-06-02,2004-10-12,2004-05-19,2004-10-26,2004-10-27,,"soybean Pioneer 93B09 150,000 seed/ac (370,644 seed ha-1) , JD7810/CIH955 ",C37,,"Yield 50 bu/ac ( 3.14 MG ha-1) corrected from 11.9%  MC, CaseIH 2366",C43,1,3,[],2001-2017 site-history CSP3.xlsx,CSP3,False
2005,maize,notes_or_title,ops_plant_harvest,2005-04-26,2005-10-18,2005-04-12,2005-11-01,2005-11-02,,"maize Pioneer 33G66 BT Poncho250 treated corn 23,952 seed/ac ( 59,184 seed ha-1 ) 33.4 ac, JD7420/JD1700",C47,,"Yield 145 bu/ac (9.10 MG ha-1) 15.5% basis.  Harvest MC 15.7%,JD9560",C51,2,2,[],2001-2017 site-history CSP3.xlsx,CSP3,True
2006,soybean,notes_or_title,ops_plant_harvest,2006-05-11,2006-10-14,2006-04-27,2006-10-28,2006-10-29,,"Soybean Pioneer 93M11 150,000 seed/ac (370,644 seed ha-1 ).  JD1770 16row. No RTK",C55,,Completed after rain delay. 27 acre. Yield 61.6 bu/ac as is 9.4% MC.,C59,1,3,[],2001-2017 site-history CSP3.xlsx,CSP3,False
2007,maize,hybrid_code,ops_plant_harvest,2007-05-02,2007-11-01,2007-04-18,2007-11-15,2007-11-16,,"25,127 seed rate JD1770 16row. Pioneer 33H26 HX Poncho250.",C67,,"Complete harvest. 1,462,600 lbs @ 14.3%MC. 162.9 bu/ac 15.5% basis. 206 gal diesel 1.26 gpa.",C72,2,2,"[{""date"": ""2007-05-18"", ""title"": null, ""notes"": ""Replant flooded areas 16.9 acre Pioneer 33H26 23,300 "", ""cell"": ""C68""}]",2001-2017 site-history CSP3.xlsx,CSP3,True
2008,soybean,notes_or_title,ops_plant_harvest,2008-05-13,2008-10-09,2008-04-29,2008-10-23,2008-10-24,,"Soybean Pioneer 93M11 149,540 seed rate.  JD1770 16row. RTK",C75,,59.0 bu/acre at 13.0% wb  (harvest moisture content: 11.9% ),C80,2,2,[],2001-2017 site-history CSP3.xlsx,CSP3,False
2009,maize,hybrid_code,ops_plant_harvest,2009-04-22,2009-11-11,2009-04-08,2009-11-25,2009-11-26,,"Pioneer 33T57 Planned rate 25,000 plants per acre  JD1770 16Row RTK.",C83,,191.2 bu/acre    15.8% MC,C86,1,1,[],2001-2017 site-history CSP3.xlsx,CSP3,True
2010,soybean,notes_or_title,ops_plant_harvest,2010-05-19,2010-10-06,2010-05-05,2010-10-20,2010-10-21,,"Plant Pioneer 93M11 soybean 150,000/acre planting rate. 149 acre complete.",C88,,"573,220 lb @ 8.9% MC, 59 bu/ac as is. 61.5 bu/ac @13.0% MC. 162.6 ac. JD9560STS",C93,2,1,"[{""date"": ""2010-05-23"", ""title"": null, ""notes"": ""Complete Planting after rain delay, south 96 rows"", ""cell"": ""C89""}]",2001-2017 site-history CSP3.xlsx,CSP3,False
2011,maize,hybrid_code,ops_plant_harvest,2011-05-02,2011-10-18,2011-04-18,2011-11-01,2011-11-02,,"Plant DeKalb 61-72RR 31.2ac Field Endrows, 280 feet, south end of field and 160 feet, north end of field, JD1700. Plant DeKalb 61-69VT3 remainder of field, 132.6 ac JD1770. 163.9 total acres, 23000/acre seed rate.",C103,,"1,386,860 lbs 14.0%MC 155.0 bu/ac @15.5%wb. JD9560STS combine(2)",C110,1,1,[],2001-2017 site-history CSP3.xlsx,CSP3,True
2012,soybean,notes_or_title,ops_plant_harvest,2012-05-15,2012-10-01,2012-05-01,2012-10-15,2012-10-16,,"Plant soybean Pioneer 93M43 150,000 seed rate with JD7830/1770 16-row planter (115 acre) and JD7830/JD1700 8-row planter( 49 acre).",C113,,"JD9560 combines (2), YIELD: 32 bu/acre @ 8.6% MC",C116,1,1,[],2001-2017 site-history CSP3.xlsx,CSP3,False
2013,maize,hybrid_code,ops_plant_harvest,2013-05-13,2013-10-22,2013-04-29,2013-11-05,2013-11-06,,"Plant DeKalb  62-98RIB    25,519 seeds/ac seed rate w/JD7830/1770 16R.",C122,,"JD9560 combines (2), YIELD: 168 bu/ac 15.5%basis     Actual MC 16.6%",C125,1,2,[],2001-2017 site-history CSP3.xlsx,CSP3,True
2014,soybean,rotation_fallback_neighbors,ops_plant_harvest,,2014-10-08,,,,,,,Harvest Day 2,54.2 bu/ac,B269,0,2,[],2001-2017 site-history CSP3.xlsx,CSP3,False
2015,maize,notes_or_title,ops_plant_harvest,2015-04-30,2015-10-29,2015-04-16,2015-11-12,2015-11-13,Plant Corn,26000,B259,Grain Harvest,183 bu/ac @ 14.2% MC   186 @15.5% basis,B224,3,2,[],2001-2017 site-history CSP3.xlsx,CSP3,True
2016,soybean,notes_or_title,ops_plant_harvest,2016-05-20,2016-10-21,2016-05-06,2016-11-04,2016-11-05,Plant Soybean,"Pioneer P33T72 140,000 seeds/ac",B210,Harvest Soybean Day 2,65.6 yield 13.0% basis,B193,2,2,"[{""date"": ""2016-06-09"", ""title"": ""Preplant"", ""notes"": ""140,000 seeds/acre"", ""cell"": ""B206""}]",2001-2017 site-history CSP3.xlsx,CSP3,False
2017,maize,notes_or_title,ops_plant_harvest,2017-05-08,2017-11-02,2017-04-24,2017-11-16,2017-11-17,Plant Corn,"Pioneer 1498AM 28,500 seed/acre",B183,Harvest Corn Day 2,finish area south of the south IMZ's Time 09:12-11:01 25.48 acres.,B161,1,2,[],2001-2017 site-history CSP3.xlsx,CSP3,True
