year,section,workbook,a1_crop,a1_raw,a1_sheet,drive_id,top_level,preferred,path,note,crop,crop_source,sheet,plant_date,plant_cell,plant_header,harvest_date,harvest_cell,skipped_plants,planting_doy,planting_date,planting_header,planting_cell,sampling_date,sampling_header,sampling_cell,end_stage,end_is_provisional,mc_agb,mc_header,mc_cell,fresh_agb_kg_ha,dry_agb_kg_ha,dry_repro_kg_ha,hi,hi_method,hi_status,hi_header,kernel_g,subsample_g,kernel_cell,subsample_cell,kernel_fraction
2013,workbook_discovery,CSP 2013  Site 3.xlsx,maize,CSP 2013 Maize,V2 (148),1o1jEUwhgxvEZCFp9df6YdfLPiP0x3RTE,True,True,/workspace/csp3_maize_gpp/data/workbooks/CSP 2013  Site 3.xlsx,,,,,,,,,,,,,,,,,,,,,,,,,,,,,,,,,,
2014,workbook_discovery,CSP 2014   Site 3.xlsx,soybean,CSP 2014 Soybeans,V2 (162),1At4VG8SHThiNifvoHCwE3ToDtHsYVf3b,True,True,/workspace/csp3_maize_gpp/data/workbooks/CSP 2014   Site 3.xlsx,,,,,,,,,,,,,,,,,,,,,,,,,,,,,,,,,,
2016,workbook_discovery,CSP 2016  Site 3.xlsx,soybean,CSP 2016 Soybeans,V2 (166),1x0ppGNKkQpkIWDbRUiDiJgd4QfWyRigk,True,True,/workspace/csp3_maize_gpp/data/workbooks/CSP 2016  Site 3.xlsx,,,,,,,,,,,,,,,,,,,,,,,,,,,,,,,,,,
2017,workbook_discovery,CSP 2017  Site 3.xlsx,maize,CSP 2017 Maize,V4 (157),1aaX9ZmT3D7wJpLiY74joEfiJlyHbV_zN,True,True,/workspace/csp3_maize_gpp/data/workbooks/CSP 2017  Site 3.xlsx,,,,,,,,,,,,,,,,,,,,,,,,,,,,,,,,,,
2018,workbook_discovery,CSP 2018   Site 3.xlsx,soybean,CSP 2018 Soybeans,V2 (158),13nGp3YoerskCIGpi_EntZ9noB2-BEFWZ,True,True,/workspace/csp3_maize_gpp/data/workbooks/CSP 2018   Site 3.xlsx,,,,,,,,,,,,,,,,,,,,,,,,,,,,,,,,,,
2019,workbook_discovery,CSP 2019  Site 3.xlsx,maize,CSP 2019 Maize,V2 (149),1dhGjhl6ofHXrPw1FWreCO4ma9qLZEIzu,True,True,/workspace/csp3_maize_gpp/data/workbooks/CSP 2019  Site 3.xlsx,,,,,,,,,,,,,,,,,,,,,,,,,,,,,,,,,,
2020,workbook_discovery,CSP 2020   Site 3.xlsx,soybean,CSP 2020 Soybeans,V1 (157),1hrLUTPUaEEE5W54XW4cHWiydf5yNwufT,False,True,/workspace/csp3_maize_gpp/data/workbooks/CSP 2020   Site 3.xlsx,Not a PHD/CSP3 top-level file; copy under Biomass Sampling_2003_2021,,,,,,,,,,,,,,,,,,,,,,,,,,,,,,,,,
2021,workbook_discovery,CSP 2021  Site 3.xlsx,maize,CSP 2021 Maize,V3 (146),1OTyKtDRoTtzLBsjqxmOXBa-XDq9gddUt,True,True,/workspace/csp3_maize_gpp/data/workbooks/CSP 2021  Site 3.xlsx,,,,,,,,,,,,,,,,,,,,,,,,,,,,,,,,,,
2001,ops_plant_harvest,2001-2017 site-history CSP3.xlsx,,,,,,,,,maize,notes_or_title,CSP3,2001-05-14,C9,DATE / ACTIVITY=PLANT (or appendix title Plant),2001-10-29,C13,[],,,,,,,,,,,,,,,,,,,,,,,,
2002,ops_plant_harvest,2001-2017 site-history CSP3.xlsx,,,,,,,,,soybean,notes_or_title,CSP3,2002-05-20,C18,DATE / ACTIVITY=PLANT (or appendix title Plant),2002-10-11,C22,[],,,,,,,,,,,,,,,,,,,,,,,,
2003,ops_plant_harvest,2001-2017 site-history CSP3.xlsx,,,,,,,,,maize,notes_or_title,CSP3,2003-05-13,C28,DATE / ACTIVITY=PLANT (or appendix title Plant),2003-10-16,C35,[],,,,,,,,,,,,,,,,,,,,,,,,
2004,ops_plant_harvest,2001-2017 site-history CSP3.xlsx,,,,,,,,,soybean,notes_or_title,CSP3,2004-06-02,C37,DATE / ACTIVITY=PLANT (or appendix title Plant),2004-10-12,C43,[],,,,,,,,,,,,,,,,,,,,,,,,
2005,ops_plant_harvest,2001-2017 site-history CSP3.xlsx,,,,,,,,,maize,notes_or_title,CSP3,2005-04-26,C47,DATE / ACTIVITY=PLANT (or appendix title Plant),2005-10-18,C51,[],,,,,,,,,,,,,,,,,,,,,,,,
2006,ops_plant_harvest,2001-2017 site-history CSP3.xlsx,,,,,,,,,soybean,notes_or_title,CSP3,2006-05-11,C55,DATE / ACTIVITY=PLANT (or appendix title Plant),2006-10-14,C59,[],,,,,,,,,,,,,,,,,,,,,,,,
2007,ops_plant_harvest,2001-2017 site-history CSP3.xlsx,,,,,,,,,maize,hybrid_code,CSP3,2007-05-02,C67,DATE / ACTIVITY=PLANT (or appendix title Plant),2007-11-01,C72,"[{""date"": ""2007-05-18"", ""title"": null, ""notes"": ""Replant flooded areas 16.9 acre Pioneer 33H26 23,300 "", ""cell"": ""C68""}]",,,,,,,,,,,,,,,,,,,,,,,,
2008,ops_plant_harvest,2001-2017 site-history CSP3.xlsx,,,,,,,,,soybean,notes_or_title,CSP3,2008-05-13,C75,DATE / ACTIVITY=PLANT (or appendix title Plant),2008-10-09,C80,[],,,,,,,,,,,,,,,,,,,,,,,,
2009,ops_plant_harvest,2001-2017 site-history CSP3.xlsx,,,,,,,,,maize,hybrid_code,CSP3,2009-04-22,C83,DATE / ACTIVITY=PLANT (or appendix title Plant),2009-11-11,C86,[],,,,,,,,,,,,,,,,,,,,,,,,
2010,ops_plant_harvest,2001-2017 site-history CSP3.xlsx,,,,,,,,,soybean,notes_or_title,CSP3,2010-05-19,C88,DATE / ACTIVITY=PLANT (or appendix title Plant),2010-10-06,C93,"[{""date"": ""2010-05-23"", ""title"": null, ""notes"": ""Complete Planting after rain delay, south 96 rows"", ""cell"": ""C89""}]",,,,,,,,,,,,,,,,,,,,,,,,
2011,ops_plant_harvest,2001-2017 site-history CSP3.xlsx,,,,,,,,,maize,hybrid_code,CSP3,2011-05-02,C103,DATE / ACTIVITY=PLANT (or appendix title Plant),2011-10-18,C110,[],,,,,,,,,,,,,,,,,,,,,,,,
2012,ops_plant_harvest,2001-2017 site-history CSP3.xlsx,,,,,,,,,soybean,notes_or_title,CSP3,2012-05-15,C113,DATE / ACTIVITY=PLANT (or appendix title Plant),2012-10-01,C116,[],,,,,,,,,,,,,,,,,,,,,,,,
2013,ops_plant_harvest,2001-2017 site-history CSP3.xlsx,,,,,,,,,maize,hybrid_code,CSP3,2013-05-13,C122,DATE / ACTIVITY=PLANT (or appendix title Plant),2013-10-22,C125,[],,,,,,,,,,,,,,,,,,,,,,,,
2014,ops_plant_harvest,2001-2017 site-history CSP3.xlsx,,,,,,,,,soybean,rotation_fallback_neighbors,CSP3,,,DATE / ACTIVITY=PLANT (or appendix title Plant),2014-10-08,B269,[],,,,,,,,,,,,,,,,,,,,,,,,
2015,ops_plant_harvest,2001-2017 site-history CSP3.xlsx,,,,,,,,,maize,notes_or_title,CSP3,2015-04-30,B259,DATE / ACTIVITY=PLANT (or appendix title Plant),2015-10-29,B224,[],,,,,,,,,,,,,,,,,,,,,,,,
2016,ops_plant_harvest,2001-2017 site-history CSP3.xlsx,,,,,,,,,soybean,notes_or_title,CSP3,2016-05-20,B210,DATE / ACTIVITY=PLANT (or appendix title Plant),2016-10-21,B193,"[{""date"": ""2016-06-09"", ""title"": ""Preplant"", ""notes"": ""140,000 seeds/acre"", ""cell"": ""B206""}]",,,,,,,,,,,,,,,,,,,,,,,,
2017,ops_plant_harvest,2001-2017 site-history CSP3.xlsx,,,,,,,,,maize,notes_or_title,CSP3,2017-05-08,B183,DATE / ACTIVITY=PLANT (or appendix title Plant),2017-11-02,B161,[],,,,,,,,,,,,,,,,,,,,,,,,
2013,phenology_mc_hi,CSP 2013  Site 3.xlsx,,,,,,,,,maize,,R6 (268),,,,,,,133.0,2013-05-13,DOY of Planting ,D3,2013-09-25,Sampling Date,H2,R6,False,0.4743198165775913,Pct. Moisture in Fresh Above Ground Biomass,AH138,36898.46708036483,18447.11801329712,12657.672093579358,0.5563912969247679,partition-derived,ok,weight (grams),1058.6,1305.5,V146,V145,0.8108770585982381
2017,phenology_mc_hi,CSP 2017  Site 3.xlsx,,,,,,,,,maize,,R5 (261),,,,,,,128.0,2017-05-08,DOY of Planting ,D3,2017-09-18,Sampling Date,H2,R5,True,0.5893134166596617,Pct. Moisture in Fresh Above Ground Biomass,AH138,54413.32599898723,22201.86878326517,14148.458287731257,0.5325425946283838,partition-derived,provisional_r5,weight (grams),1049.1,1255.4,X146,X145,0.8356699060060537
2019,phenology_mc_hi,CSP 2019  Site 3.xlsx,,,,,,,,,maize,,R6 (261),,,,,,,114.0,2019-04-24,DOY of Planting ,D3,2019-09-18,Sampling Date,H2,R6,False,0.5045546473534683,Pct. Moisture in Fresh Above Ground Biomass,AH138,36199.82686684895,17814.238904671984,11249.06056038971,,,kernel_or_subsample_nonnumeric,,,,,,
2021,phenology_mc_hi,CSP 2021  Site 3.xlsx,,,,,,,,,maize,,R6 (277),,,,,,,119.0,2021-04-29,DOY of Planting ,D3,2021-10-04,Sampling Date,H2,R6,False,0.4706287878627474,Pct. Moisture in Fresh Above Ground Biomass,AH138,39748.865328159365,20871.14956096837,13435.471305439598,,,kernel_or_subsample_nonnumeric,,,,,,
