year,crop,window_type,buffered_start,buffered_end,gee_filter_end_exclusive,gpp_collection,gpp_qc,gpp_scale,aoi_status,aoi_source,gpp_raster_status,gpp_mean,gpp_median,n_corn_pixels,us_ne3_lat,us_ne3_lon,us_ne3_gpp,hi_applied_to_gpp,mc_agb_applied_to_gpp,gee_error,output_sum_tif,output_nobs_tif
2001,maize,ops_plant_harvest,2001-04-30,2001-11-12,2001-11-13,UMT/NTSG/v2/LANDSAT/GPP,"10,11",0.0001,aoi_file_not_in_local_cache,,aoi_file_not_in_local_cache,,,,41.1797,-96.4397,,False,False,gee_auth_missing,gpp_seasonal_sum_nonirr_corn_2001.tif,gpp_nobs_nonirr_corn_2001.tif
2002,soybean,ops_plant_harvest,2002-05-06,2002-10-25,2002-10-26,UMT/NTSG/v2/LANDSAT/GPP,"10,11",0.0001,,,skipped_not_maize,,,,41.1797,-96.4397,,False,False,,,
2003,maize,ops_plant_harvest,2003-04-29,2003-10-30,2003-10-31,UMT/NTSG/v2/LANDSAT/GPP,"10,11",0.0001,aoi_file_not_in_local_cache,,aoi_file_not_in_local_cache,,,,41.1797,-96.4397,,False,False,gee_auth_missing,gpp_seasonal_sum_nonirr_corn_2003.tif,gpp_nobs_nonirr_corn_2003.tif
2004,soybean,ops_plant_harvest,2004-05-19,2004-10-26,2004-10-27,UMT/NTSG/v2/LANDSAT/GPP,"10,11",0.0001,,,skipped_not_maize,,,,41.1797,-96.4397,,False,False,,,
2005,maize,ops_plant_harvest,2005-04-12,2005-11-01,2005-11-02,UMT/NTSG/v2/LANDSAT/GPP,"10,11",0.0001,aoi_file_not_in_local_cache,,aoi_file_not_in_local_cache,,,,41.1797,-96.4397,,False,False,gee_auth_missing,gpp_seasonal_sum_nonirr_corn_2005.tif,gpp_nobs_nonirr_corn_2005.tif
2006,soybean,ops_plant_harvest,2006-04-27,2006-10-28,2006-10-29,UMT/NTSG/v2/LANDSAT/GPP,"10,11",0.0001,,,skipped_not_maize,,,,41.1797,-96.4397,,False,False,,,
2007,maize,ops_plant_harvest,2007-04-18,2007-11-15,2007-11-16,UMT/NTSG/v2/LANDSAT/GPP,"10,11",0.0001,aoi_file_not_in_local_cache,,aoi_file_not_in_local_cache,,,,41.1797,-96.4397,,False,False,gee_auth_missing,gpp_seasonal_sum_nonirr_corn_2007.tif,gpp_nobs_nonirr_corn_2007.tif
2008,soybean,ops_plant_harvest,2008-04-29,2008-10-23,2008-10-24,UMT/NTSG/v2/LANDSAT/GPP,"10,11",0.0001,,,skipped_not_maize,,,,41.1797,-96.4397,,False,False,,,
2009,maize,ops_plant_harvest,2009-04-08,2009-11-25,2009-11-26,UMT/NTSG/v2/LANDSAT/GPP,"10,11",0.0001,aoi_file_not_in_local_cache,,aoi_file_not_in_local_cache,,,,41.1797,-96.4397,,False,False,gee_auth_missing,gpp_seasonal_sum_nonirr_corn_2009.tif,gpp_nobs_nonirr_corn_2009.tif
2010,soybean,ops_plant_harvest,2010-05-05,2010-10-20,2010-10-21,UMT/NTSG/v2/LANDSAT/GPP,"10,11",0.0001,,,skipped_not_maize,,,,41.1797,-96.4397,,False,False,,,
2011,maize,ops_plant_harvest,2011-04-18,2011-11-01,2011-11-02,UMT/NTSG/v2/LANDSAT/GPP,"10,11",0.0001,aoi_file_not_in_local_cache,,aoi_file_not_in_local_cache,,,,41.1797,-96.4397,,False,False,gee_auth_missing,gpp_seasonal_sum_nonirr_corn_2011.tif,gpp_nobs_nonirr_corn_2011.tif
2012,soybean,ops_plant_harvest,2012-05-01,2012-10-15,2012-10-16,UMT/NTSG/v2/LANDSAT/GPP,"10,11",0.0001,,,skipped_not_maize,,,,41.1797,-96.4397,,False,False,,,
2013,maize,ops_plant_harvest,2013-04-29,2013-11-05,2013-11-06,UMT/NTSG/v2/LANDSAT/GPP,"10,11",0.0001,aoi_file_not_in_local_cache,,aoi_file_not_in_local_cache,,,,41.1797,-96.4397,,False,False,gee_auth_missing,gpp_seasonal_sum_nonirr_corn_2013.tif,gpp_nobs_nonirr_corn_2013.tif
2014,soybean,ops_plant_harvest,,,,UMT/NTSG/v2/LANDSAT/GPP,"10,11",0.0001,,,skipped_not_maize,,,,41.1797,-96.4397,,False,False,,,
2015,maize,ops_plant_harvest,2015-04-16,2015-11-12,2015-11-13,UMT/NTSG/v2/LANDSAT/GPP,"10,11",0.0001,aoi_file_not_in_local_cache,,aoi_file_not_in_local_cache,,,,41.1797,-96.4397,,False,False,gee_auth_missing,gpp_seasonal_sum_nonirr_corn_2015.tif,gpp_nobs_nonirr_corn_2015.tif
2016,soybean,ops_plant_harvest,2016-05-06,2016-11-04,2016-11-05,UMT/NTSG/v2/LANDSAT/GPP,"10,11",0.0001,,,skipped_not_maize,,,,41.1797,-96.4397,,False,False,,,
2017,maize,ops_plant_harvest,2017-04-24,2017-11-16,2017-11-17,UMT/NTSG/v2/LANDSAT/GPP,"10,11",0.0001,aoi_file_not_in_local_cache,,aoi_file_not_in_local_cache,,,,41.1797,-96.4397,,False,False,gee_auth_missing,gpp_seasonal_sum_nonirr_corn_2017.tif,gpp_nobs_nonirr_corn_2017.tif
